,Gender,Gt,Operative,SI,Score,k_Pt,k_SIt,k_ut,t
0,male,0.8756917492205831,True,0.0002069761708000222,100.0,0.0188896289084844,10000.00000000001,40.60864290868289,2518
1,male,0.8787503482687498,True,0.0001786886466846822,85.71428571428571,0.2589795637473225,157.00429669855126,999.9999999999998,2328
2,male,0.8629724360616198,True,0.0001272935005499732,100.0,3.7349172007537943e-06,323.2271585017355,21.415377252261347,4676
3,male,0.9555045897501221,True,0.00016834572471515188,70.0,0.08665797499571476,1139.595283608975,61.884330784148084,8659
4,female,1.0907633163967194,True,0.00010433827890041711,100.0,0.00483502167362474,10000.00000000001,999.9999999999998,642
5,male,0.8327476657974309,True,0.00031056902134135464,0.0,0.13950016537399748,347.6428218141051,5.779007445664672,998
6,male,0.9601456145880446,True,5.7917340068615806e-05,100.0,4.958213970919336e-05,188.7183729664155,62.69728091583162,503
7,female,0.7957763809233963,True,0.0005087830370058296,64.0,1.0,2020.5045147840801,65.06705726085455,4053
8,female,0.8197554380703288,True,0.00032562940542372554,92.6829268292683,0.0865354892831903,498.22729918283227,999.9999999999998,6370
9,male,0.8225531643126075,True,0.0003257985476989258,0.0,1.0,2925.119293031231,5.549656018888483,842
10,male,0.8326813106422524,True,0.0002535916313406696,63.33333333333333,1.0,1255.6889518947035,999.9999999999998,4793
13,female,0.942119267104653,True,8.494354176030086e-05,85.71428571428571,0.005110978344227255,3949.409049658257,0.682316352944529,802
14,male,0.8966718013629629,True,0.0002382378614713012,45.45454545454545,3.296118320525266e-05,9286.39839924906,99.0018060561489,15655
15,male,0.8174855097576998,True,0.0003501308724976523,0.0,0.02181086593378403,639.4651252934552,14.49435415587002,2664
16,female,0.8795167482214408,True,0.00010971254950688347,80.0,6.117301814264628e-06,304.46469783840723,1.8802685352737174,602
17,male,0.8391801457553817,True,0.00032113893407133043,62.62626262626263,0.16573211199426482,10000.00000000001,999.9999999999998,11002
19,male,1.1019242318731175,True,2.1293744452158306e-05,100.0,0.19629832719162219,1970.075070550507,0.001714842547681581,198
20,male,0.8585200942357537,True,0.0002718021364179738,45.98930481283423,0.5896760055569489,8588.651327004241,287.37855410591624,23207
21,male,0.8646950205161483,True,0.0002329926666974851,66.66666666666666,1.0,333.38268889071935,999.9999999999998,2532
22,male,0.935348228994625,True,0.00015596866879655536,0.0,1.0000000000000004e-06,4166.116856928877,999.9999999999998,144
23,female,0.9684636897475088,True,3.253967108834773e-05,92.85714285714286,5.5795284405950834e-05,10000.00000000001,2.7784757922042402,1518
24,female,0.8313954815627973,True,0.00032764791145650194,68.75,0.20856573342322166,3032.1488262118814,505.40935448435283,7982
25,female,0.8732287719020488,True,9.348832393390999e-05,0.0,0.10000000000000002,999.9999999999998,0.999999999999638,547
26,male,0.9204792219022496,True,0.00013129146475849475,100.0,0.02581327676837878,10000.00000000001,999.9999999999998,294
27,male,0.9381423580528407,True,0.00011434121658727315,91.66666666666666,0.05397021554915756,10000.00000000001,999.9999999999998,1046
28,male,0.8744148807631508,True,0.00020958249342582961,88.75,0.18606846967895016,271.9678051022002,40.79937479659261,10906
30,male,0.8673317422146329,True,0.0002554236348765168,63.63636363636363,1.0,284.7091807335932,999.9999999999998,2659
31,male,1.0699395432006182,True,6.07723317266341e-06,0.0,0.10000000000000002,999.9999999999998,1.0,403
32,male,0.9039359820632402,True,0.0002126387788561935,57.03703703703704,0.12970532994254208,2296.3007886899495,123.89794353014764,18896
33,female,0.8496811287139895,True,0.00022824684112508919,82.75862068965517,0.2476187166782527,10000.00000000001,21.82666388672561,3544
34,male,0.8493091404359245,True,0.00019030506619071216,91.66666666666666,0.10000000000000002,688.5353884118773,28.962807442134412,1657
35,male,0.843572328731143,True,0.00022068191683248436,84.21052631578947,1.0,482.9550658042782,999.9999999999998,2907
36,male,0.8144005904128416,True,0.00030461955609543007,64.28571428571429,0.06048671980030315,2889.443911981381,999.9999999999998,2266
37,male,0.8464157552679906,True,0.000333624353935491,73.91304347826086,1.76203448183463e-05,213.24210716569988,999.9999999999998,5227
38,female,0.8422648461861068,True,0.00026118105010735834,84.52380952380952,0.00010427857872363655,201.76841639843707,28.429482146807533,11704
39,male,0.8884472113699567,True,0.0001724216507201935,0.0,0.34475842026200443,100.00000000000004,4.865716806437662,1330
40,male,0.8246761405493807,True,0.0003592646924943639,88.88888888888889,0.11960808510985016,495.01851635544205,999.9999999999998,1693
41,male,0.9050826452105385,True,8.127282693696509e-05,100.0,0.00032768491982899684,100.00000000000004,88.54539926884445,655
42,female,0.8228955128787209,True,0.00019188833172487175,75.0,0.2850389634415771,402.5967969082347,999.9999999999998,648
43,male,0.9068740743591438,True,8.867477742602096e-05,100.0,0.0002798291064188227,107.93954357894361,55.70110126436843,1317
44,male,0.8974867313321241,True,0.00031143412605244965,81.3953488372093,1.0,1419.603451046224,17.208322958517236,13948
45,male,0.9988447282715784,True,0.0001030643423891221,94.73684210526315,0.317064929871289,219.69377427137476,118.98748222772333,8423
46,male,0.9063320155854949,True,0.00014915639330789413,31.428571428571427,0.04700053668925437,9571.590900817584,431.02961616515074,9240
47,male,0.8782500474767289,True,0.00022414837453039693,58.82352941176471,0.2557379724965221,10000.00000000001,999.9999999999998,6155
48,female,0.9611413506348382,True,0.0001290593238123295,100.0,0.0010765690200559654,377.9738042174159,14.972413573560338,6545
49,male,0.920149948697952,True,0.000328566370381183,59.25925925925925,0.5148317068374451,2643.621184170064,999.9999999999998,2413
50,male,0.830243007892484,True,0.00024239678492898124,100.0,0.03978661286445097,166.57176682630165,0.011385152246736219,277
51,female,1.0183125590450723,True,5.44518135756391e-05,100.0,1.0,265.72324077149136,28.4916237182466,796
52,female,0.8776348345088948,True,8.567698155578878e-05,100.0,2.7508971715924807e-06,149.97268173554951,116.64890062848052,705
53,male,0.8487263995058738,True,0.00013656794308620148,71.42857142857143,0.0026990669248326193,100.00000000000004,999.9999999999998,1092
54,male,0.8932858256440316,True,7.45489084068289e-05,95.45454545454545,1.2712611075350482e-05,117.95575347041003,24.57818702627333,1913
55,female,0.8058058659136083,True,0.0005791158427339487,66.66666666666666,0.6282273605676155,1012.7801745572649,999.9999999999998,5252
56,male,0.9215876064333082,True,0.00015142562571260885,70.58823529411765,1.0,242.1882514103391,78.70889786279513,3924
57,male,0.9219169024510782,True,0.00011508429448721192,95.0,1.0,491.29035621896344,999.9999999999998,2417
58,male,0.7921283481350028,True,0.00043158523788920525,90.0,0.0023866976526224115,10000.00000000001,77.74691902953654,1518
59,male,0.8064364162823706,True,0.0003969872162716844,66.66666666666666,0.15457760577655819,10000.00000000001,2.9883628403407347,3503
60,male,0.9355337349445184,True,8.985698327329944e-05,88.88888888888889,0.007220672524868779,259.0890388512519,291.1926499190473,850
61,male,0.9426801627978149,True,9.115133353884967e-05,93.75,0.0012160512738375608,100.00000000000004,52.91474021219518,3256
62,male,0.9562538715504971,True,4.490543842157269e-05,100.0,0.004625343949350361,10000.00000000001,6.365674604409025,354
63,female,0.9115926759973457,True,0.00014454756266112299,69.6969696969697,1.0,513.3185363890469,999.9999999999998,3646
64,male,0.8979163992207833,True,0.00013154949243590193,100.0,0.0007263170713582966,1613.0961501636543,999.9999999999998,1326
65,male,0.8738970795453203,True,0.00013176777106632356,100.0,1.0,133.1139377159365,999.9999999999998,2236
66,female,0.8795580003549995,True,0.00012818902310568123,0.0,0.09943992436840784,396.9924087404809,0.00870894303799751,434
67,male,0.7213966129698846,True,0.00042025895106648464,0.0,0.10000000000000002,999.9999999999998,1.0,212
69,male,0.989715814101821,True,0.0001253023131382489,71.7948717948718,5.193933127051876e-05,3197.937999258362,234.59090565210877,4017
70,female,0.9586214289537331,True,7.039411948374234e-05,0.0,0.10000000000000002,999.9999999999998,1.0,159
71,female,0.8531167738071566,True,0.00010663953076716936,90.47619047619048,0.00010368065557266162,10000.00000000001,3.2979936097069333,2514
72,male,0.7581966695707586,True,0.0013229498412624815,100.0,1.0,394.4310988924358,999.9999999999998,679
73,female,0.855838776808972,True,0.00036517751990335854,94.11764705882352,1.0,163.87824215707434,999.9999999999998,6442
74,male,0.8758776261031234,True,0.0002268643478239901,49.09090909090909,2.1540865304978854e-05,715.7527186893651,52.15373096273994,6241
75,male,0.8451755210831495,True,0.0002268675379937351,58.2089552238806,0.40592205048258523,3267.5410563134833,999.9999999999998,11411
76,male,0.9107929462686658,True,9.507488262262382e-05,78.94736842105263,3.4570913948393416e-05,346.41160171263004,369.24954974169884,2330
77,male,0.9656272032082067,True,6.860350557037626e-05,0.0,0.10000000000000002,999.9999999999998,1.0,141
79,male,0.7711066657392334,True,0.00026339531757351255,76.92307692307693,0.019446802119723716,499.5771009889914,35.47268961999011,1540
80,male,0.6696263170163498,True,0.0006538440009717639,100.0,0.17306899184257016,838.8319337236405,0.013595149208342643,310
81,male,0.8533577739383991,True,0.0002206044510036792,100.0,1.0,405.8179900419541,10.793873982461509,1722
82,male,0.8789137096241152,True,0.00010227182369820845,100.0,1.0142755534565403e-06,100.00000000000004,37.26972075212844,2631
83,male,0.8926516746748661,True,8.49854591948763e-05,88.88888888888889,0.25632199264662053,123.71207746926046,999.9999999999998,1093
85,male,0.8277859661826019,True,0.00030734144110611635,73.80952380952381,0.2750898615190957,1591.7139367799289,999.9999999999998,6843
86,male,0.9842490156929457,True,0.00010747453070619479,54.166666666666664,0.3070512983170874,3161.1615782757567,120.97196003129687,2160
87,male,0.9434216776800309,True,9.965491763294968e-05,48.4375,0.09303976019589918,3684.4486497797325,299.501335061584,7846
88,male,0.9037059978509259,True,6.37502307908578e-05,100.0,0.10000000000000002,100.00000000000004,7.3034086608233375,734
89,male,0.9144085533135349,True,0.0001514890675473615,97.22222222222221,0.09918626179368896,487.56818311590376,25.6390628380369,8340
90,male,0.7590593812149202,True,0.0005646762904601452,0.0,0.11382871386753353,3737.6327562702527,596.5065342371138,528
91,male,0.8435592457553068,True,0.00018836234129370328,50.0,1.0,3167.233916429516,999.9999999999998,5859
92,female,0.7545312410378192,True,0.0003390453494534919,100.0,0.0030636084066154538,100.00000000000004,26.610928213314512,1145
93,female,0.8282688975419258,True,0.0003625651383925543,79.1044776119403,0.24912680590432812,778.6209856349717,999.9999999999998,11213
94,male,0.9453665708030615,True,0.0001597847159642776,94.16058394160584,0.07267153239227421,173.98920800288036,58.073550198104066,16055
95,female,0.945623114071947,True,9.84439155518816e-05,86.66666666666667,0.011677364502956446,10000.00000000001,999.9999999999998,1547
96,female,0.8182775563717034,True,0.0003181184208675154,0.0,0.4573421663555624,1467.9860681210507,3.3279046702681496,419
97,male,0.854651476111483,True,0.00013852923984000398,66.66666666666666,0.053169900766092994,514.9105695532446,97.49005557660453,1085
98,female,0.9058386822563732,True,0.00010578774538534112,81.81818181818183,2.759234199366176e-06,10000.00000000001,999.9999999999998,1833
100,male,0.9184798915595256,True,0.00017644768148186637,93.63636363636364,0.930589779862482,204.38536947752374,33.84676268100406,11229
101,male,0.9417047431972044,True,6.887520671526542e-05,66.66666666666666,3.031269326864908e-06,2282.84457956524,0.08277582214191459,564
102,female,0.8672792661723137,True,0.0001742141111897751,95.0,0.11036845324207786,10000.00000000001,13.787931158310656,1977
103,female,-inf,True,0.00024756051263978633,94.44444444444444,1.0,272.02827496868196,50.17854002220426,2370
105,male,0.8667712812063041,True,0.0002322223449562292,51.61290322580645,0.2502243323300819,1116.573112407876,999.9999999999998,15798
106,male,0.8913494752093627,True,0.000189676781921594,74.80916030534351,0.31897825543445574,527.483529986588,999.9999999999998,15781
107,male,0.9016137057255662,True,8.175162821263801e-05,100.0,0.02625685356827488,131.3698206050585,999.9999999999998,959
108,female,0.8251764305506444,True,0.0004714318549448072,53.84615384615385,0.31328267166392554,10000.00000000001,999.9999999999998,2009
109,female,0.902260363038894,True,8.052027598561454e-05,95.23809523809523,3.678903054625092e-05,239.31722839787162,29.25457587746765,1971
110,female,0.9402255571276639,True,8.537535228996117e-05,60.0,0.014274532272859124,10000.00000000001,999.9999999999998,487
111,male,0.7545106400315271,True,0.0007038222228309687,0.0,0.10000000000000002,999.9999999999998,1.0,291
112,male,0.8322887053749233,True,0.0005625344697507912,75.0,1.0,444.8948167359001,999.3712193194756,1661
113,male,0.8758892699239561,True,9.473466096545367e-05,100.0,1.6364839833395505e-06,100.00000000000004,3.275068483250308,1375
114,male,0.863272849626482,True,0.00032979188467056365,100.0,0.09861971105951096,10000.00000000001,19.408190873638752,1556
116,female,0.9667785528128928,True,8.148592582056847e-05,100.0,0.13540661134543008,239.46126868834472,8.80865408023797,788
117,female,0.8606503804670363,True,0.0002138378696646342,40.816326530612244,0.2625625706182909,1865.6315401370928,999.9999999999998,8422
118,male,0.9519669834368302,True,0.0001363798944943273,66.66666666666666,2.493120710876126e-05,958.145208847119,999.9999999999998,6457
119,male,0.8334094600719436,True,0.00031973345068851423,40.0,0.109659038857398,2132.6136776018207,16.286732373617607,2053
121,female,0.9671971415333407,True,8.133241113833945e-05,100.0,0.023468028770071262,100.00000000000004,28.09357081250047,7801
123,male,0.764875431154986,True,0.0006626324423340006,100.0,1.0,960.6679791947344,134.26126461763775,1128
124,female,0.9179273137521274,True,0.00013474058426107984,85.71428571428571,0.10053228057249324,875.6653598954699,67.53050669217993,4018
125,female,0.8313456434590905,True,0.00036776564465632354,85.71428571428571,0.09154405093749067,728.2959808580658,173.69663346943597,3949
126,male,0.7455548463930431,True,0.0006925119444281984,96.96969696969697,0.11077565872684668,244.7241599029849,29.56102081041966,3827
127,male,0.8078124319785331,True,0.0003902712133559236,0.0,0.5035904249011267,193.05864274843094,146.89983303005843,1140
128,male,0.9372978699368045,True,5.856687705381402e-05,100.0,4.0235230223649135e-05,437.01543509296357,59.16970439948489,871
129,male,0.9472877765803963,True,5.412958811850609e-05,100.0,0.3941229279872648,10000.00000000001,4.476070151383984,879
130,male,0.8404225071499548,True,0.00024391089962497888,100.0,0.22368103767407266,1951.450095707765,4.779230186502162,1935
131,male,0.8524605131524079,True,0.0004377892276225007,87.67123287671232,1.0,215.28489496833726,408.95264773943114,7977
132,male,0.9300112861375971,True,0.00016348845263683266,0.0,1.0,8627.049566874815,4.73207529527372,597
134,male,0.9222397792648508,True,7.128401430026257e-05,81.81818181818183,9.238440830348748e-06,756.3350696462444,170.35225044305034,1100
135,female,0.8890825336202498,True,7.153118476464091e-05,84.61538461538461,2.9274443607899503e-05,859.2945460923165,0.001777052755759593,925
136,male,0.8185744338785851,True,0.0001321255390856907,33.33333333333333,0.00030749329372916853,10000.00000000001,3.0592848712572827,797
137,female,0.835198719714857,True,0.0002964099318818595,65.21739130434783,1.0,1331.4990376867756,999.9999999999998,3189
138,female,0.8406599967689062,True,0.0002107633668515554,84.50704225352112,1.0,379.418586898983,24.02470918249509,10591
139,female,0.9076585469472365,True,7.222031752773793e-05,14.285714285714285,0.10963724223879594,100.00000000000004,0.05612574806004558,789
140,female,0.7940803597544852,True,0.0004099127957474173,81.57894736842105,0.3280606606922138,419.5060247040363,999.9999999999998,5026
141,male,0.876999495627504,True,0.000186226242498267,66.66666666666666,1.0,363.6094088502272,20.80464959058235,2619
142,male,0.8769707926161914,True,0.00017706298808707792,60.0,0.30919628831895535,10000.00000000001,184.25356866367687,5505
144,male,0.8283426151763444,True,0.0004450199923718538,71.7948717948718,1.0,676.9143852547526,999.9999999999998,5167
145,female,0.842403498537709,True,0.00024434996178087384,48.333333333333336,0.21454473619471653,7623.485616304852,999.9999999999998,8658
146,female,0.9112699193764947,True,9.446242004166553e-05,100.0,0.0012346136622905042,219.96379492941676,11.08402759893721,527
147,male,0.9231633892524782,True,6.72613816780164e-05,100.0,0.20659876169588198,144.48363200633872,79.59746186977065,958
148,female,0.8462551889402199,True,0.0003528146571529881,50.56179775280899,0.3579939990690723,2912.8418224831635,133.65891744433884,14386
149,female,0.8829962605933249,True,0.00022079002138538715,90.9090909090909,0.3566000927286408,629.4902698254115,31.23033617190907,4585
150,male,0.8388118197012305,True,0.0003836785523730205,93.61702127659575,1.0,302.54530341571393,323.35629688129575,7288
152,female,0.7498083595688068,True,0.00041779169934402094,100.0,0.1622208816465792,257.2533825497597,51.64149886696834,1801
153,female,0.8818898219184471,True,0.00012463098322404857,92.85714285714286,0.29580295780950083,140.6237945241015,999.9999999999998,1566
154,female,0.8843565519850232,True,0.0002621379616548617,82.6086956521739,0.13795884631920727,1633.3261189200023,25.806428505364497,2755
155,male,0.9764610688103708,True,0.00014117441317249309,56.730769230769226,3.100590864921302e-06,6362.056655985315,999.9999999999998,8677
156,female,0.9121656653291569,True,8.498817623896e-05,87.5,0.14398746408391724,10000.00000000001,0.022148190027288565,930
157,male,0.7684923198642193,True,0.00028611628035661704,100.0,0.8658252575709856,115.85202221713041,12.835691056721602,725
158,male,0.8672426310232988,True,0.00027065982354019684,76.63551401869158,0.27521089409808003,444.0431004284056,999.9999999999998,17391
159,female,0.8413258003205751,True,0.00022630482525163464,60.0,0.12253625540071159,10000.00000000001,999.9999999999998,797
160,female,0.792288214786333,True,0.00023931822857674035,92.85714285714286,1.0,330.6375280188053,4.155824089485908,1839
161,male,0.9901842597348447,True,2.9795273697318836e-05,92.5925925925926,0.5429943648081605,100.00000000000004,999.9999999999998,3609
162,male,0.8524909596583734,True,0.00015995470001526257,90.0,0.04841799994500079,200.24670909496203,181.27653029046368,870
163,female,0.938426666466952,True,0.00017650128852048533,100.0,0.10713295431405441,10000.00000000001,999.9999999999998,488
164,female,0.8180497827528648,True,0.0003075489604913578,71.7948717948718,0.0018209161066403761,10000.00000000001,999.9999999999998,5617
165,male,0.846720704746329,True,0.00035807511641713875,57.14285714285714,0.5880550919354437,3373.2166022210117,999.9999999999998,11446
166,female,0.9372261259417284,True,6.366987625339796e-05,100.0,0.010244305840526791,10000.00000000001,0.20057877457156353,2220
167,male,0.8957612975631668,True,0.00016750614125482556,91.85185185185185,0.1693065165968439,361.01934760445926,73.10638742519632,18238
168,male,0.9105399448744026,True,0.00014637260179648968,80.3921568627451,0.026774362173278998,602.7148838098417,68.33808137185717,6521
169,male,0.8380771512673302,True,0.00038826924379010866,51.515151515151516,1.0,444.0346843079755,999.9999999999998,3935
170,male,0.9384002660531979,True,0.00011807946693872315,95.55555555555556,0.31079947592905893,1513.7251998031084,6.514611239624652,4978
171,male,0.8864778838438155,True,0.00010648840900864939,84.0,1.0,391.06695810015765,999.9999999999998,2571
172,female,0.857330027481633,True,0.00024315973092331182,100.0,0.09373453883621125,100.00000000000004,82.15782126085716,1292
173,male,1.082104253959497,True,7.83893481257212e-05,70.0,0.0002384923034173411,2191.606425562112,33.606825909166595,5644
174,male,0.912797014850165,True,7.437743049504313e-05,80.0,0.10000000000000002,287.3146363136715,4.720628859096053,1172
175,male,0.847632967251601,True,0.00025770454773587167,11.11111111111111,0.49230861205880266,100.00000000000004,105.71888470731277,1556
176,male,0.9148936470057615,True,7.834520094376172e-05,94.11764705882352,0.06035949719773642,122.88812136636676,108.94595351453366,4075
177,female,0.9457791208184808,True,0.0001076226196529723,90.0,1.0,192.9312778575062,253.95543297892712,2144
178,female,0.8747368907914223,True,0.00019327593849857293,44.31818181818182,2.0106514955031956e-06,10000.00000000001,254.78384522278603,9850
179,female,0.8615862850927243,True,0.00018405969186263943,75.0,0.032305071258750526,4028.673645188976,0.07855577438777638,535
180,male,0.70199467887844,True,0.0008661490562273885,100.0,0.0007422769025571014,391.4343836771046,999.9999999999998,891
181,female,0.8926810527793937,True,0.00019327143929131227,88.88888888888889,0.11230963987040078,1021.8885982572783,105.6682871163357,1451
182,female,0.8784168835901007,True,0.0001521684753182593,34.285714285714285,0.3787432254104791,10000.00000000001,999.9999999999998,4222
183,male,1.0204009910634417,True,9.474269182708804e-05,100.0,0.04957049431231456,10000.00000000001,999.9999999999998,707
184,male,0.8738067228639924,True,0.00018528601076222436,43.75,0.295619353348373,10000.00000000001,999.9999999999998,5576
185,male,0.8796933996283389,True,0.0002065768405731733,0.0,0.11684409749322772,221.11555528078833,522.1883481475578,4250
186,female,0.8645404294378629,True,0.00012037333810305737,100.0,0.23168183777150256,264.6137992553912,11.39220805175042,714
187,male,0.8707782752492502,True,0.00018997290054664616,73.68421052631578,0.299198412428073,10000.00000000001,9.977568250748387,5133
188,male,0.8432496887432798,True,0.0003292247080063297,66.66666666666666,1.0,391.14064319823024,999.9999999999998,1364
189,male,0.8751974177117561,True,0.0002061017794857756,69.56521739130434,0.20043155039063898,10000.00000000001,999.9999999999998,2586
190,male,0.9251308171979243,True,0.00012401414458382607,88.0,0.002402442223468413,10000.00000000001,999.9999999999998,2596
191,female,0.8836884501530762,True,0.00017180306133867643,91.13924050632912,1.0,207.29999364631175,24.76538743325457,9258
192,male,0.9819740797083084,True,8.214585830230226e-05,100.0,0.0042470839953679205,10000.00000000001,999.9999999999998,923
193,female,0.898454126443529,True,0.00015887949508641442,97.91666666666666,0.018182632555585904,297.338256169508,14.739679888848027,5113
194,female,0.8191700996263221,True,0.0001784328376052983,100.0,0.004902059161286762,551.9716906178688,0.009301177288811064,724
195,female,0.8598398893516574,True,0.00011333307089745179,80.0,0.018741886867492175,141.623056329684,3.516854321274834,621
196,male,0.8966328503582356,True,0.00015323486106569686,43.18181818181818,0.37266778884323787,8105.8733705460545,141.16714964588658,6186
197,female,0.846423459638615,True,0.000262109759738747,100.0,0.33956503867040105,566.3045963223303,0.016245199853708623,314
198,male,0.8307010716364887,True,0.0002559375816126142,100.0,1.0,10000.00000000001,0.7405839247850825,522
199,male,0.9116464226773091,True,8.354223460383174e-05,62.06896551724138,1.0,557.2322841629632,93.9269997332818,3459
200,male,0.8690051293809812,True,0.00021133514176438842,80.0,0.1557915967569873,10000.00000000001,999.9999999999998,2169
201,male,0.7991237161210486,True,0.0006900330367917746,94.73684210526315,1.0,848.0085201011242,999.9999999999998,2714
202,male,0.8147584906409528,True,0.0003078706278903904,100.0,0.5168445937449014,421.461967807662,999.9999999999998,1010
203,male,0.8931803467954638,True,0.00017241904963957976,97.43589743589743,0.0019980986099005565,317.94485331051993,77.49313821465256,4934
204,male,0.91229010978541,True,0.000139700459367816,100.0,1.0,10000.00000000001,1.6874024599373465,1296
205,female,0.9064679157008688,True,9.351230882953605e-05,80.0,0.00722513565477544,269.0981833764358,306.46428302427955,1117
206,female,0.8024513743382173,True,0.000510269464099979,84.21052631578947,1.0,275.70129087859306,999.9999999999998,2909
207,female,0.9129889100228792,True,0.00017475751792753852,81.25,0.2854213924056121,2091.5202135916547,13.716494151614732,6677
208,male,0.88768292886687,True,0.00016753814163439248,80.0,5.802770230938023e-05,10000.00000000001,999.9999999999998,2402
209,male,1.1906886569489001,True,2.3461737232514553e-05,100.0,0.0009772677782939542,10000.00000000001,999.9999999999998,1450
210,female,0.7808556037490962,True,0.0006022775691032584,100.0,0.0005232574315930901,240.45182813876977,999.9999999999998,1384
211,male,1.0433131214963844,True,6.309165572010112e-05,100.0,0.05872739249934685,10000.00000000001,33.40783073503959,274
212,female,0.7531553440190766,True,0.0008976743148753347,100.0,1.0,210.5398051151055,999.9999999999998,682
213,female,0.8004128497346473,True,0.00021270786861897717,100.0,2.2764226278674022e-05,100.00000000000004,999.9999999999998,479
214,male,0.8754167935142377,True,0.0002767246816845768,44.44444444444444,0.016324491970228658,10000.00000000001,999.9999999999998,15628
215,male,1.0011672335780384,True,6.615321467306694e-05,78.94736842105263,0.6804935909228664,746.6174220609646,74.63370201678913,2397
216,female,0.8249344028583233,True,0.0005004309635621277,83.33333333333334,0.06463012870410717,10000.00000000001,4.668708168199136,2546
217,male,0.9678058775024363,True,0.0001227997503049395,100.0,0.8954017152382329,517.3923519362681,125.13378955865834,1333
218,male,0.8485883285814269,True,0.0002907944602559642,80.95238095238095,0.19026186198654155,2203.563499663569,43.64350898477201,9570
219,male,0.8966433557136655,True,9.143397341139744e-05,85.71428571428571,0.0006467925286349565,100.00000000000004,134.12119628417375,597
221,male,0.8878680586267369,True,0.00016152606838645207,67.74193548387096,1.0,1202.7342453153724,168.3587153996574,4538
222,male,0.7977290787766739,True,0.0001502216945757782,83.33333333333334,0.2304901297477055,2039.3775095760623,0.0612303437297202,708
223,male,0.9123404608690258,True,6.787821500106223e-05,100.0,9.70371573476927e-05,100.00000000000004,53.7810910122938,5786
224,male,0.8396489437139262,True,0.00024256171791220234,88.0,1.0,463.2801127214123,604.85004500687,3393
225,male,1.1229174969189888,True,9.993466534901415e-05,80.0,0.09999999992730409,10000.00000000001,111.06093118532928,318
226,male,-inf,True,0.0001267083271334406,65.27777777777779,1.0,635.0430705822271,999.9999999999998,9656
227,male,0.8636180302875057,True,0.00013612212563012205,100.0,0.0002295716717233091,6077.948934539336,28.027305335433763,403
228,female,0.8617824999889762,True,0.00026284709267478156,57.77777777777777,0.00953974695908801,10000.00000000001,999.9999999999998,7486
229,male,0.990089644755527,True,3.3444100177789736e-05,100.0,0.10000000000000002,999.9999999999998,1.0,455
230,male,0.8549587419096357,True,0.00012643251402517263,100.0,0.0066169489975826485,100.00000000000004,44.571514047566964,1704
231,male,0.8702371758257254,True,0.0001421856366446638,88.88888888888889,0.00018019893457881157,461.86663397723635,34.57278472980852,1029
232,female,0.8501885585573122,True,0.0001669422746902115,100.0,0.02983623340412573,112.06194361418557,4.283966601416412,534
234,male,0.8640971269091785,True,0.00022307751775847335,84.375,0.006031352757098522,151.36538162286647,73.68074221656649,4308
235,female,0.874449886236995,True,0.00012356834223704432,100.0,0.03928824842567601,173.52102396983864,20.490884460735163,590
236,male,0.9499920119525923,True,6.185083587903182e-05,92.3076923076923,0.0003090637659815506,10000.00000000001,0.0010000000000000002,1193
237,male,0.9706322045668361,True,5.819542541053496e-05,75.0,0.0003418914308606086,10000.00000000001,999.9999999999998,1183
238,male,0.829483431589342,True,0.00016409034875166628,92.3076923076923,0.6240653496601198,154.4304210967986,25.995244480441936,1733
239,male,0.9714330224183152,True,0.00010643675087290364,90.0,0.06123940794637948,10000.00000000001,999.9999999999998,2473
241,male,1.101894754447159,True,3.220421037021693e-05,100.0,0.1212938751770694,100.00000000000004,53.26094076546128,1986
242,male,0.8298365871947103,True,0.0003228148909445073,79.16666666666666,1.0000000000000004e-06,10000.00000000001,50.3687173937999,3224
243,male,0.994535453122379,True,7.611266547102578e-05,100.0,0.00022875726985712732,10000.00000000001,999.9999999999998,1064
244,male,0.9095674705180194,True,0.00019388727274907605,44.827586206896555,0.018732088951126494,3693.728244157116,425.91600076854206,11726
245,male,1.0295115321219213,True,0.0001486874817216704,92.3076923076923,0.7470129700463648,111.23667175734748,19.92126511361484,784
246,male,1.0424033727367357,True,7.061800559959229e-05,0.0,3.786906982385232e-05,480.4395589333301,2.139985762709249,194
247,male,0.843709161364962,True,0.00018353731460747774,70.58823529411765,0.010184369921578519,259.13292231815734,19.010737642238464,2735
248,male,1.0015965294787161,True,0.0001257649096281345,100.0,0.4443891474332633,218.5577943854306,14.986213933821857,2738
249,female,0.7785633689375319,True,0.00030679743971312543,100.0,9.824780638654582e-05,107.71730640609587,999.9999999999998,1050
250,male,0.936746899571931,True,5.8728351322628654e-05,94.44444444444444,0.09058229584914052,10000.00000000001,2.1688725444223715,2043
251,female,0.8438421198673365,True,0.00024028064385310725,66.66666666666666,1.0,266.04146051728003,999.9999999999998,5528
252,male,0.880674669104756,True,0.0001687549040724169,52.94117647058824,0.27980539567394347,10000.00000000001,999.9999999999998,4761
253,female,0.8901842932333096,True,8.62890716678671e-05,71.42857142857143,0.24124512280002927,504.60872849011514,207.12360321426573,1235
254,male,0.9010907425122571,True,0.00027723146017273614,83.33333333333334,0.8478110750216791,467.2164492282764,999.9999999999998,1621
255,male,0.8356663476770124,True,0.00014621719717677832,95.55555555555556,0.08390356118082547,799.6944044300808,2.9573402340950934,5812
256,female,0.9112078430076895,True,0.00017149686757647357,83.78378378378379,0.00012072064442494591,10000.00000000001,999.9999999999998,3683
257,female,0.8204951846397118,True,0.0002423294717786218,100.0,1.0,111.3269869565808,999.9999999999998,2409
258,female,0.9138708131986876,True,0.00016384754688789356,69.23076923076923,1.0,541.2340119712501,999.9999999999998,1310
259,female,0.79194417767861,True,0.0002043215414429303,70.0,1.4232549622169683e-05,10000.00000000001,25.809534200207853,1404
260,male,0.8747280431218278,True,0.00010043506484631488,72.72727272727273,0.0004975104776392858,501.98018268175724,54.92715968876671,1199
261,male,1.0122558217644204,True,0.00015981221596680383,83.63636363636363,0.5257185418289276,267.13428700346014,999.9999999999998,4980
262,male,0.9545875694306987,True,4.624909191448677e-05,100.0,0.0002891066591455785,100.00000000000004,4.678162633199643,1377
264,male,0.7884912836191945,True,0.00035314528334769505,88.88888888888889,0.42180603863406385,3583.543863294807,105.47697869640115,3971
265,female,1.011627429702735,True,7.961156455220842e-05,77.77777777777779,0.16181031378224336,10000.00000000001,56.910276361146096,880
266,male,0.8602927519900202,True,0.000225663004763196,76.19047619047619,1.0,521.8490047113675,163.98783123921845,4168
267,female,0.869112861175474,True,0.00031083577291723957,54.83870967741935,1.0,2767.1935786915915,999.9999999999998,4968
268,male,0.8959269414153315,True,0.00013758762583163898,56.52173913043478,1.0,1488.7041828599265,138.23514239986665,5139
269,female,0.8652254635829293,True,0.00019606348287727949,53.65853658536586,0.046000371702342474,4407.380537742294,999.9999999999998,6129
270,male,0.8666302269175108,True,0.00020719234119986153,43.75,0.12796538527527926,10000.00000000001,103.63092839056453,4144
271,male,0.9318418450661656,True,0.000143158545995612,95.0,0.42224556107105526,100.00000000000004,999.9999999999998,2448
272,male,0.9310757019620061,True,0.0002782273723699063,100.0,0.0034885364972115688,10000.00000000001,999.9999999999998,1613
274,female,0.899125326261966,True,0.0001656654644597705,65.78947368421053,0.38573238521118247,361.7896808265314,999.9999999999998,4230
275,male,0.9308659863730501,True,0.00019855108829213954,80.48780487804879,1.0,395.86257138482455,162.3949888313888,9648
276,male,0.8423805152834118,True,0.0003177015532917923,88.88888888888889,1.0,389.04885834405275,87.56126642710812,5671
277,male,0.8610743323581059,True,0.0002805769968761756,82.81786941580756,1.0000000000000004,432.27767374009204,91.31312517616945,33961
278,female,0.8194096409458924,True,0.00030503741003331505,94.11764705882352,1.0,409.11290301087297,26.886323049832544,2143
279,male,0.9991522575375189,True,0.0002435484308411878,100.0,0.04120077336314412,10000.00000000001,999.9999999999998,612
280,male,0.9406612067540276,True,7.748466310958594e-05,90.9090909090909,0.00030822738887654,664.8126139669924,26.64775390580215,4299
282,male,0.8324720759347963,True,0.0002120534171537505,0.0,0.10000000000000002,999.9999999999998,1.0,602
283,male,0.8726503970777563,True,0.00020435147409076992,75.67567567567568,1.0,430.7797616345582,999.9999999999998,4602
284,male,0.8861082829690825,True,0.00017504847358646794,66.66666666666666,0.25466717725693405,2741.6490423231267,109.76467792993527,4062
285,male,0.8206296985584133,True,0.00015080646435819121,50.0,0.0005155651974459272,132.9978788792425,999.9999999999998,566
286,male,0.8967873053939995,True,0.00016738339873816006,79.59183673469387,1.0,514.4375806019226,69.29675220341649,6775
287,female,0.892260972354085,True,0.00022101703017359428,93.02325581395348,1.0,375.3137847342152,33.10256527590371,11133
288,female,0.9770135712339404,True,4.963766906344944e-05,90.9090909090909,0.00016196558093973365,176.36337788634654,999.9999999999998,1142
289,male,0.8184263150832798,True,0.0004362407468108063,55.0561797752809,1.0,1430.384939492461,133.56385936161578,11026
290,female,0.8388922006176116,True,0.00021406734757236983,48.717948717948715,0.24315174010608182,2606.2712759907417,133.865633609366,4146
292,female,0.8419340140433328,True,0.00023190421635382514,28.57142857142857,0.10160923275040569,10000.00000000001,999.9999999999998,818
293,male,1.0264565305934057,True,3.8201015549767124e-05,100.0,0.011896801675355173,257.5470679466441,7.301551927696851,3053
294,female,0.9572827043647595,True,6.295663542736715e-05,83.33333333333334,0.00060093166850756,10000.00000000001,110.91103985854066,908
295,male,0.8167593145293267,True,0.00036868355578598204,100.0,1.0,2106.2394090466037,83.90101221600641,1405
296,male,0.9565333689523057,True,6.246164975196543e-05,75.0,0.08001026883768736,1384.9014213716664,0.05110666411114579,645
297,male,0.8900815133999748,True,0.000152807862227552,62.637362637362635,0.3965914401759628,948.4469177801707,915.0404847465683,11567
298,male,0.8183483962113942,True,0.00024466998336747,73.33333333333333,1.0,205.58917131796008,36.260895876538285,3665
299,female,0.95855821097123,True,0.00012611843810301785,0.0,0.10000000000000002,999.9999999999998,1.0,228
300,male,0.7380854341241728,True,0.0011419233257287723,83.33333333333334,3.1999857558395663e-06,527.0094867985248,999.9999999999998,1502
301,female,0.9071393536025162,True,0.00015991892941628408,79.16666666666666,0.5969186653823176,505.1732333568858,999.9999999999998,5713
302,male,0.8137553800837043,True,0.0003055717373443149,30.0,0.03941413202914785,1181.0704939627417,999.9999999999998,7391
303,female,0.8302709966446506,True,0.00023171939949477113,69.56521739130434,1.0,625.5244599307327,150.58550399653762,3211
304,male,0.9029015646756378,True,7.233259254298713e-05,87.5,2.727132483941641e-05,353.4785391180757,0.0010000000000000002,814
305,female,0.9261401962431606,True,9.643302821619883e-05,90.9090909090909,1.0,10000.00000000001,4.168096928436339,1544
306,male,0.8490761388097172,True,0.0002740537121255385,78.68852459016394,1.0,415.83894947425466,999.9999999999998,10188
307,male,0.8313472514150728,True,0.0002964802752088418,52.5,0.03819167876652041,10000.00000000001,999.9999999999998,6552
308,male,0.925066002343313,True,7.01217127774128e-05,100.0,0.10000000000000002,10000.00000000001,6.303961481804549,395
309,male,0.9731194181770526,True,4.7892255789179885e-05,100.0,0.0023243864778115584,249.02275671631645,13.964594377192485,1204
310,female,0.9105991801741803,True,7.403839510640408e-05,96.875,0.0034159772444358333,100.00000000000004,10.553596548224524,4423
312,male,1.1148461236911318,True,8.423006961200102e-05,95.83333333333334,0.00012274493437285742,10000.00000000001,3.962689541946883,2362
313,female,0.8300046665083262,True,0.0002175246368525516,100.0,0.02017865248393778,10000.00000000001,999.9999999999998,1386
314,male,0.8607745600574329,True,0.0003671666096186975,86.56716417910447,0.2617875464311162,627.7174456738109,49.470728667111956,21192
315,female,0.9586193846280433,True,0.0001206935803666,74.43609022556392,0.1549637435533383,357.5569168025551,51.20491824535342,15210
316,female,0.8728746300159325,True,0.0003718105733324692,100.0,0.09659408689978022,10000.00000000001,1000.0000000000016,952
317,female,0.9407662904207887,True,0.00015303488829782527,33.33333333333333,1.0,10000.00000000001,7.823289833597395,301
318,male,0.9098774424824846,True,6.253972560650669e-05,96.55172413793103,4.4915512530637625e-06,375.75243736651856,8.057652506532623,2870
319,female,0.8988015156766394,True,8.208702416725633e-05,75.0,0.6272729107272688,7435.402820692039,0.7868404537876209,739
320,male,0.9226261602462275,True,0.00017078059046767138,71.42857142857143,1.0,1132.1092872600696,999.9999999999998,2414
321,male,0.7940165731863077,True,0.000534581690271726,68.29268292682927,0.001471999919499235,460.19624757011525,999.9999999999998,3859
322,male,0.7781287016756195,True,0.0002710759792754603,0.0,0.0003504481505394902,117.3070160202756,999.9999999999998,536
323,male,0.9279876136386219,True,6.86343632208236e-05,92.85714285714286,0.03726575492519738,285.59795199426287,2.608422623450951,1431
324,male,0.8626648864646113,True,0.00018601173524624803,72.72727272727273,1.0,1109.5783382800555,205.02531726841585,8237
325,male,0.8974606965485534,True,0.0001807128574008478,88.46153846153845,1.0,115.40328275279481,121.12102445220161,2292
326,male,0.8994295652540452,True,7.82689299170595e-05,100.0,0.4196112107618453,100.00000000000004,999.9999999999998,2235
327,male,0.8455874199855944,True,0.00031537449788906363,89.0625,1.0,916.2952967327928,999.9999999999998,10317
328,male,0.8285915403714119,True,0.00038072737805194584,25.0,0.008199492179437301,9880.462542560168,422.0193151919705,523
329,male,0.8740934477015974,True,0.0002446540813756744,48.0,0.2458079798769141,2303.1701361667374,999.9999999999998,7329
330,female,0.8910008966272296,True,0.00017715233803190433,63.63636363636363,0.02139326669736425,1212.3729304868177,34.99519063865544,4438
331,female,0.8147027658487759,True,0.00024023355320791637,72.72727272727273,0.1127365765922511,10000.00000000001,999.9999999999998,1139
332,male,1.0751360239642693,True,6.59205761421673e-05,100.0,0.03957719443999462,8765.669474217739,999.9999999999998,325
333,male,0.806739959241716,True,0.0003688430345848769,100.0,4.595317219710095e-05,412.1981557904357,655.2362054143272,232
334,male,0.9007105033164816,True,9.861277771330593e-05,94.73684210526315,0.015130455116973267,399.6935526300062,18.740939557220962,2926
335,male,0.8231621224032104,True,0.00024311729197968747,92.6829268292683,1.0,453.8229326477896,24.05944337186807,5555
336,male,0.8267030717148892,True,0.0003268584991306791,0.0,0.2713307763370197,162.39735848421307,30.310745331783238,1691
337,male,0.9971585763348183,True,4.38589448903091e-05,0.0,0.10000000000000002,999.9999999999998,1.0,314
338,male,0.8294270162296858,True,0.00030699476326734537,94.48275862068965,0.4613783031315131,429.88035464995664,4.616704811682814,19620
339,male,0.8616165760352594,True,0.0002500886604150546,80.28169014084507,3.0699800951566208e-06,100.00000000000004,172.3439296022129,10049
340,female,0.831453022479711,True,0.00044561801533030663,89.74358974358975,0.3912469271685934,780.0346800066445,999.9999999999998,5579
341,male,0.8223305263964651,True,0.00024486448548116364,100.0,1.0,263.5551719576823,999.9999999999998,514
342,male,0.9366217813483575,True,0.00019391791377918236,71.42857142857143,0.08219457125404371,436.61553652238985,999.9999999999998,1902
343,female,0.8746741110467962,True,0.00027526498872953477,78.51239669421489,0.9480192557413915,209.40379337429158,999.9999999999998,13039
344,female,0.9652048312333993,True,0.00010453506881423159,100.0,0.04467219030834581,578.7657947221743,48.35843014298418,1892
345,male,0.8077704127239966,True,0.0003839778623661471,76.19047619047619,1.0,496.321474759365,999.9999999999998,3458
346,male,0.9332605041596531,True,8.624515653498621e-05,100.0,0.29100781052339636,10000.00000000001,30.12499439889054,602
347,male,0.9320460023422937,True,5.278765159070627e-05,94.73684210526315,1.805349957133794e-05,100.00000000000004,7.39637789970209,1172
348,female,0.830621784665978,True,0.00022483280139853914,69.23076923076923,1.0,347.7191732040962,999.9999999999998,2293
349,female,0.9340801296079753,True,0.00012667049321199314,95.23809523809523,0.026513296914273832,142.0819547911356,999.9999999999998,2559
350,female,0.8872701822997879,True,0.00016452230589447504,89.1891891891892,0.1074236286681407,673.3556317863698,124.55070134680636,3824
351,male,0.948123371048051,True,0.00017369054512992555,94.68085106382979,0.05027014767141516,103.44430785372775,194.3503838592422,10556
352,male,0.8208718855746291,True,0.00015666393343029592,100.0,0.012197092672993414,264.55744603946306,4.379326768318905,1136
353,male,0.8183695710571142,True,0.0003484083052521398,49.09090909090909,1.0,1879.1432155394893,999.9999999999998,8427
354,female,0.8926975459633841,True,0.00019849703330446136,50.0,0.11573405979557395,10000.00000000001,999.9999999999998,516
355,female,0.8075519233061648,True,0.0002910257974467335,100.0,1.0,119.48252870938545,999.9999999999998,301
356,female,0.9447017101331563,True,0.00021341365785991436,100.0,0.28056683398346083,10000.00000000001,999.9999999999998,849
357,male,0.8230330254997069,True,0.0002872757166152287,64.28571428571429,0.26666137247613575,2947.4084171212803,192.24564691490878,4280
358,male,0.8148233380199619,True,0.00021418289090801814,50.0,0.007536682713091223,10000.00000000001,0.004701388050661709,522
359,female,0.8987873824282453,True,8.293405491959916e-05,75.0,0.013941511251439153,10000.00000000001,22.09734394536446,492
360,male,0.7907877127095772,True,0.00040055437809816,75.0,1.0,365.77297154462536,999.9999999999998,3924
361,female,1.0488769849361235,True,8.338027924826112e-05,79.74683544303798,0.021028281523079347,682.2687166614475,35.786444136915236,8453
362,male,0.8225145323605713,True,0.00022254498271777104,0.0,0.0017650789669759887,165.91087186095817,6.990314982025534,364
363,female,0.8925329504644882,True,0.00015004860231881755,95.0,0.1693932922962488,1654.746191311099,5.676959838091307,4612
364,female,0.799951210309712,True,0.0002886156760753992,0.0,0.08694556440720554,4605.813187678973,122.40608371453845,423
365,male,0.9107517637361388,True,0.00013454421103303022,77.41935483870968,0.050537910197066056,10000.00000000001,401.57742288977806,4863
366,female,0.8329655643704664,True,0.00013517624528496555,96.55172413793103,0.012635999638801739,271.82449098457164,51.51050685471054,3782
367,male,0.916171502593735,True,0.0002045388059073711,84.0,0.004288605266749991,716.8202345062228,999.9999999999998,2495
368,female,0.9090108524118763,True,0.00014492340928028597,85.71428571428571,0.27611370709057453,617.9792847618643,117.99813726368727,1509
369,female,0.845445043461868,True,0.0002118919287509185,84.84848484848484,0.09590005381973461,455.5372928511708,89.27502854955307,5131
370,male,0.9680557158374271,True,6.321513268494766e-05,100.0,0.0014893630176181618,307.48072118528745,0.009751001879398686,261
371,female,0.8409118952647399,True,0.0003064379841305724,75.0,1.0,100.00000000000004,999.9999999999998,1869
372,male,0.867496216318137,True,0.00029293591543553545,87.3015873015873,1.0,303.275219296173,114.45257403617137,7557
373,male,0.9568312148130719,True,0.00013053970536413317,50.0,0.0003104678255673307,522.7400843627956,999.9999999999998,1072
374,female,0.787042004145745,True,0.0006563062065314062,50.0,1.0,170.0673277037259,999.9999999999998,991
375,male,0.8434873115977105,True,0.0004934019470680301,86.66666666666667,1.0,582.4738655994264,16.750692531762763,2084
376,female,0.8526905739796334,True,0.00014853325867601896,89.28571428571429,0.09011139717956415,452.9129776166359,19.714598910378015,2760
377,female,0.9117203514490196,True,0.00019067889584430277,82.0,0.014215968817791953,10000.00000000001,53.672500917695245,5467
378,female,0.8376271459681709,True,0.0002693575252926308,91.48936170212765,0.026595927916775675,10000.00000000001,18.929302293950787,7054
379,female,1.0359117913930045,True,5.5972896524656974e-05,100.0,0.004219396355391233,3256.9113136627075,0.006499935086284959,465
381,male,0.8714743983598087,True,9.422374080829427e-05,100.0,0.0005127941295039113,10000.00000000001,0.10618468914370399,2786
382,male,0.8803910258978305,True,9.74931503256402e-05,100.0,0.019387195149009037,10000.00000000001,4.679249287876574,780
383,female,0.8527935916829245,True,0.00018874165613355043,91.66666666666666,0.07154388604377462,10000.00000000001,14.810944614267044,1336
384,male,1.00646077277228,True,0.00010681868854809588,0.0,0.10000000000000002,999.9999999999998,1.0,180
385,male,0.778441375644038,True,0.0002379351099660637,91.66666666666666,0.07172173831710464,777.1277766051521,999.9999999999998,1205
386,female,0.8835715745574106,True,0.00020678843570452404,50.0,0.02671441490239294,2787.1188840196746,209.08939136632026,10099
388,male,0.9070991088515393,True,6.874943972159337e-05,85.71428571428571,2.4198552160270378e-05,228.10975626031762,999.9999999999998,464
389,male,0.8050205091332897,True,0.00042920082582099863,28.57142857142857,0.051953875157239475,10000.00000000001,708.6634116122517,1270
390,male,0.7892392726897113,True,0.0004724683144953672,66.66666666666666,0.37548553280493335,2906.8444654965883,519.2721590279546,3652
391,male,0.9531524232709301,True,0.00014501600922393792,81.81818181818183,1.0,413.8472469642604,999.9999999999998,846
392,male,0.7635570558199025,True,0.0003973833266023578,0.0,0.10000000000000002,999.9999999999998,1.0,265
393,female,0.8471194742598482,True,0.0003137321692873889,72.97297297297297,1.0,311.2215674682286,999.9999999999998,4584
394,female,0.831666996250959,True,0.00044759319290681805,90.0,0.007309655060842444,10000.00000000001,999.9999999999998,1188
395,male,0.9136550383823133,True,0.00010321459082964186,100.0,0.22654737835870764,285.8505862711408,403.2477384218247,833
397,male,0.8150508639426459,True,0.0002073667979741066,100.0,2.0306805928260195e-05,10000.00000000001,6.298758485593099,1086
398,male,0.9133834014110299,True,0.00011474464873752844,52.17391304347826,1.0,390.70809891216527,999.9999999999998,2564
399,male,0.8181571991566864,True,0.00022704563623635277,100.0,0.08513504672479959,263.25070992952,44.257203542181394,2039
400,female,0.8634809621649909,True,0.00026278773619133717,82.35294117647058,0.15777421377573286,382.7535701473321,136.53013667980056,7668
401,female,0.9664397289118997,True,8.387634475008228e-05,100.0,0.01242258399981127,4077.4376927982767,0.20138525119843617,605
402,male,0.8480907935842619,True,0.0001242221111966915,100.0,0.10000000000000002,999.9999999999998,1.0,242
403,male,0.9079433725233923,True,0.00022594808428558333,100.0,1.0,188.61007929902843,999.9999999999998,1342
404,male,0.8596476961808935,True,0.0002241903889167173,82.6086956521739,0.0011178630624848237,324.0171655469918,999.9999999999998,3496
405,male,0.9402062864119546,True,6.535823615300447e-05,100.0,2.1404919327511916e-06,282.97952977546174,9.727196784078986,3555
406,female,0.8733979336404636,True,0.00016272688027791824,100.0,0.0007554969854993058,10000.00000000001,999.9999999999998,499
407,male,0.9023144103984567,True,0.00016036280278132345,71.73913043478261,1.0,697.0920399463873,141.96232199363985,5346
408,male,0.7734068755195682,True,0.0004411419844657747,100.0,0.3160977003497862,10000.00000000001,999.9999999999998,585
409,female,0.916808968539206,True,7.470738013274588e-05,100.0,2.289357250678817e-05,100.00052514233417,58.35604336341481,1058
410,male,0.9217376623146429,True,0.00015183147008965706,36.11111111111111,0.34513281585625005,630.4717436620093,999.9999999999998,3225
411,male,1.0734125246629709,True,7.525707270306121e-05,71.9298245614035,0.1029193218921454,734.9257510081671,999.9999999999998,4265
412,female,0.7453365624103893,True,0.00037080100099964826,100.0,3.075332897442391e-05,333.1476552580914,999.9999999999998,585
413,female,0.8015238409082164,True,0.0002971799272192685,81.25,0.0006128545035741358,383.1996744191323,56.52389874986919,1368
414,male,0.8463122361429811,True,0.00019309285564072693,50.0,1.0,397.63223655900816,34.50787415314015,3526
415,female,0.8357666849229096,True,0.0002996376089299474,83.33333333333334,0.30614754061275445,2033.9944189051037,999.9999999999998,1759
416,female,0.9991772604358813,True,3.325694447965905e-05,87.5,3.0235874730429757e-05,10000.00000000001,2.1123610128480053,559
417,male,0.8967388082365381,True,7.217634464870444e-05,91.66666666666666,0.0010128314529912219,100.00000000000004,0.011465979146075955,823
418,female,0.7243698926758945,True,0.0009174692147485703,72.72727272727273,0.005721823872959885,268.28186235253753,190.07937221817176,1188
419,male,0.8804373190260946,True,0.00016651578033345123,100.0,1.685769207315258e-05,1501.2877152725862,0.0018219544885948926,281
420,female,0.8333174759802795,True,0.00031460390009963783,76.47058823529412,0.16703683927262816,2359.5881852893444,999.9999999999998,2709
422,female,0.9845410080573761,True,4.901854084923411e-05,100.0,0.55570486147311,10000.00000000001,0.3266275050278369,3772
423,male,0.8615337342116364,True,0.00012671799310008477,73.33333333333333,2.2100659766650518e-06,477.4567370619412,999.9999999999998,2109
424,male,0.9241576956110191,True,0.00023594645755627995,82.92682926829268,0.8736663349426904,620.4199883519044,999.9999999999998,8539
425,female,0.8804913701680332,True,0.0001562598697497587,33.33333333333333,0.10000000000000002,999.9999999999998,1.0,248
426,male,0.9482063248699512,True,0.00014763405990541906,100.0,0.009712872980019606,10000.00000000001,122.68330276425742,1245
427,female,1.127586735344685,True,3.7896508616038945e-05,100.0,1.0,100.00000000000004,200.54001720596744,946
428,female,0.7624395919194564,True,0.0004170537387706397,85.0,0.1269710871549767,414.5682501184416,999.9999999999998,2174
429,male,0.8207551712119877,True,0.00034341688722368426,88.88888888888889,1.0,710.5363990108763,999.9999999999998,1586
430,male,0.7904264186388894,True,0.0004872512112010909,95.0,1.0,238.91920448242087,999.9999999999998,3075
431,male,0.7711544693131906,True,0.0005736733731405335,61.904761904761905,0.5112678335214141,954.9654390679818,999.9999999999998,2653
432,female,0.9769869703836419,True,5.283483721313298e-05,100.0,0.002697791357081464,1690.7589624717511,6.474454264613307,1478
433,female,0.9197652883317264,True,0.0001467476629201053,95.45454545454545,2.100281770240262e-06,1295.3096722805647,999.9999999999998,3167
434,male,0.9366156565200926,True,5.939196204636128e-05,80.0,0.000222304368562154,10000.00000000001,18.810981352723836,1582
435,female,0.8405585174250773,True,0.000299219945181965,20.0,0.024471183671777478,876.6479067784187,100.53293013520808,810
436,male,0.9354687165720277,True,5.9405357928431866e-05,100.0,1.6449219489824876e-05,103.04004338127375,3.0761068234542517,1278
437,male,0.9022400945529965,True,0.00021183289687550302,0.0,0.10000000000000002,999.9999999999998,1.0,240
438,male,0.8739962326562111,True,0.00030969776255824767,78.18181818181819,1.0,914.6492453267632,999.9999999999998,7005
439,male,0.9225312174579353,True,0.00016579518151260656,91.66666666666666,0.19433683532202883,10000.00000000001,999.9999999999998,1697
440,male,0.9501777482732015,True,8.5582179547764e-05,83.33333333333334,1.0,337.02168012661167,361.1461120198296,3966
441,male,0.7530630888865871,True,0.0006150614600694345,100.0,0.0006402706786547063,576.999355466098,999.9999999999998,1500
442,male,0.9235653769564737,True,0.0001227605027246411,100.0,0.012158306621038532,738.2110044205052,123.7670806903613,2548
443,male,1.1040842246164129,True,2.865912346190711e-05,100.0,1.0,323.05635636585214,48.66918868272134,1153
444,male,0.9714025578103617,True,4.5624682049924747e-05,100.0,1.0694652124669672e-05,100.00000000000004,27.411505276150667,429
445,male,1.0559790652942984,True,7.4773978696981e-05,90.0,1.0,10000.00000000001,4.247732729100321,1096
446,female,0.9043962171376028,True,0.00012200208389545021,76.47058823529412,1.0,692.1087638136835,999.9999999999998,2290
447,female,0.8416389904329401,True,0.00022785972898423833,51.48514851485149,0.2832745530091782,1735.1628120265611,999.9999999999998,16778
448,female,0.9200051223983231,True,7.94960930914935e-05,100.0,0.0001531933714863941,10000.00000000001,104.50857197155226,2118
449,male,0.8926594910994433,True,0.00017670554798771554,71.05263157894737,0.46143832021836084,1937.0577378952937,999.9999999999998,4933
450,male,0.8810453475224321,True,0.0001880712819578495,86.36363636363636,1.0,434.46723318558134,218.9408422289285,3164
451,male,1.0113293238841086,True,4.966698830866572e-05,0.0,0.016697316187972627,4727.862020210081,0.008765451342453956,237
452,female,0.8600796517029785,True,0.00019285884298838175,0.0,0.0318506375127327,6901.579066512512,0.09972794132421808,311
453,male,0.938182573726718,True,5.984911241061036e-05,100.0,0.10000000000000002,240.85268549994768,4.513944222970482,836
454,male,0.8320729184348644,True,0.00032154986455276333,68.18181818181817,1.0,1232.7367009358627,45.94397116032769,3611
455,female,0.9329084847320726,True,7.12742281946358e-05,87.5,0.031220160067534152,9603.80465743008,0.01867907389106121,997
456,male,0.7606860515318478,True,0.0007320613191751541,50.0,1.0,10000.00000000001,8.869493514172895,994
458,female,0.9279275212720086,True,6.171106557155972e-05,87.5,1.165703376470011e-06,251.26129530883736,12.593943074951271,833
459,female,0.8788741685181104,True,0.00035165015609232446,22.857142857142858,0.019155932685087848,10000.00000000001,4.358244103621833,3759
460,male,0.7918917633179515,True,0.0009474355240683275,85.0,0.11664569088793984,377.29664186284737,999.9999999999998,3624
461,female,0.9325564401782829,True,0.0001331876052920625,100.0,1.0,239.7320956794791,999.9999999999998,1215
462,male,0.9195081237110133,True,0.00017998050480662957,34.437086092715234,0.7450971574229897,6354.955075363241,167.78904214474306,18598
464,male,0.9793113386846023,True,7.414479492203292e-05,89.28571428571429,0.10708431302753939,1499.1003637424467,7.150858323985965,3398
466,female,0.8209643610614163,True,0.0005429431293578469,42.857142857142854,1.0,218.1623537322472,999.9999999999998,1334
467,female,0.8192753813283155,True,0.0001989979046600305,100.0,5.458453632228823e-06,4589.166918243267,1.698770188666797,660
468,male,0.8292918577035313,True,0.00036084976837888846,0.0,0.000152635084724482,938.1738293893864,21.133292455420744,179
469,male,0.9998551627419942,True,9.502225768851334e-05,100.0,1.0,10000.00000000001,0.6967842472679558,180
470,male,0.7888666626488984,True,0.0003992519273609262,72.72727272727273,1.0,532.4508809494231,70.34803848507579,3269
471,male,0.8534333632343697,True,0.0003100638554471512,9.090909090909092,0.0035398050179330813,119.41639627684903,999.9999999999998,2519
472,female,0.8760312035737295,True,0.00021226762124522717,61.904761904761905,0.047589137615938866,1107.0892505263598,148.8902359440621,3260
473,male,0.9858265030393623,True,0.00011987006116246622,75.0,0.6502082301264079,519.1530378112436,613.8788293565545,724
474,male,0.9256188163968104,True,0.00013264489981027928,100.0,0.10000000000000002,999.9999999999998,1.0,436
475,female,0.7979140162115852,True,0.0003046286469163267,100.0,0.05552792196235167,10000.00000000001,36.279551013515125,1450
476,male,0.8584082407265302,True,0.000175336991952773,96.15384615384616,0.16065866433565712,10000.00000000001,352.8519872894376,2927
478,female,0.8504843612125245,True,0.0001058164024660074,100.0,0.12291221035019974,450.5189722317053,17.597167863899493,771
479,male,0.8528944111107499,True,0.00025960814405024286,0.0,0.007809177199321312,8308.887778429766,24.41954209534308,932
480,male,0.8100734318417416,True,0.0003624582954002224,85.0,0.012741102173440428,10000.00000000001,999.9999999999998,2602
481,female,0.8410582073726749,True,0.0003130057166607533,92.6829268292683,0.13110148862133994,284.73739493314383,105.91099414751835,8684
483,male,0.8894291843550631,True,0.0001677847434791416,85.71428571428571,1.0,223.67906922653802,48.55828638164863,3203
486,male,0.9849189538393921,True,0.00016088650661021212,100.0,0.26013414557989095,195.13862021793025,41.81904844528772,2312
487,male,0.83824134878033,True,0.0003194848651098744,0.0,4.775409051215391e-06,2726.7674007264663,0.5061671288174118,480
488,female,0.8558142034447788,True,0.00015024818983297021,71.42857142857143,0.0045018852167603915,334.1442788902372,999.9999999999998,936
489,female,0.8108781954625593,True,0.0004444210713276952,16.666666666666664,0.058348694909940366,3179.1329319199813,999.9999999999998,1045
490,male,0.8277014056682854,True,0.00035275062539668847,63.63636363636363,0.015546041102237486,10000.00000000001,999.9999999999998,6873
491,female,0.8133583216206226,True,0.000406241226521657,66.66666666666666,0.6561829340503896,101.62117110479937,26.518164774810277,587
492,male,0.9190465692227991,True,0.00010487774901381261,0.0,0.37927795895633876,3686.74867983758,0.3433968070102886,111
494,female,0.7551473295113033,True,0.0007272490248528743,80.95238095238095,0.0014856780684922436,977.5761189685342,999.9999999999998,2456
495,male,0.8351255561833004,True,0.00033984545129456234,75.0,1.0,5286.960519852254,53.534713359522534,6312
496,male,0.8341488024783985,True,0.0002947334850817199,77.77777777777779,0.014037816224745394,10000.00000000001,999.9999999999998,1378
497,male,0.8940376310041247,True,0.00012226111633226785,88.46153846153845,0.20502685379434424,316.67962171544144,35.15725162877939,2537
498,female,0.7919289908436469,True,0.00021034260187436597,100.0,2.537384821190952e-05,139.52228793828723,19.99872510851653,1747
499,female,0.9392519797346015,True,0.00014608445421453162,74.46808510638297,0.9489482381991505,504.64438438993926,145.900628786796,5356
500,male,0.8835431139406598,True,0.0002043335677360193,59.64912280701754,0.12710369805624186,10000.00000000001,70.19543373686437,8467
501,male,0.8125285632758276,True,0.00026260925435531173,100.0,0.10575629528877846,10000.00000000001,999.9999999999998,387
502,male,0.8765955686610826,True,0.00019787275195974556,62.96296296296296,0.21768657042551706,10000.00000000001,999.9999999999998,3464
503,female,0.7825191400694318,True,0.0003186476621271845,91.66666666666666,0.00010071022796287506,337.6168184795735,30.97331391093246,1414
504,female,0.885150114855527,True,0.00022513376098642044,64.04494382022472,0.7916627922775096,723.0126135222924,314.69851448370645,10799
505,male,0.9754257294442732,True,5.7402803476804137e-05,100.0,0.25868553863148736,7329.580317703401,0.0010860297430538405,260
507,female,0.7841022786173402,True,0.0002576681890955965,52.94117647058824,0.02067711868439497,10000.00000000001,999.9999999999998,1834
508,female,1.0241865399708974,True,4.977854796285314e-05,100.0,0.00023272340458985118,10000.00000000001,999.9999999999998,1885
509,male,0.8700608974399484,True,9.361485405628048e-05,87.5,0.004924909237988981,10000.00000000001,0.23743867277470196,1048
510,male,0.8077020430550065,True,0.0003310491661758975,28.57142857142857,0.07452729919847283,100.00000000000004,999.9999999999998,837
511,male,0.8178370332568556,True,0.0005479216782708187,60.86956521739131,1.0,4914.951276769059,44.09790165560918,4047
512,male,0.856224406327449,True,0.00022613721689024313,84.375,1.0,333.5172511686086,999.9999999999998,9859
514,male,0.8909065751449898,True,9.676794423126788e-05,25.0,3.1639569696859796e-05,407.2224909964984,0.12840432958221631,473
515,male,0.8297516556803464,True,0.00017138857157703914,100.0,0.10000000000000002,10000.00000000001,1.446946619710557,2249
516,female,0.9182514231811248,True,0.00010116493569982575,100.0,1.0,10000.00000000001,6.0273669489310455,394
517,male,1.1812546792643777,True,3.0269579943387636e-05,61.702127659574465,2.102080339413098e-06,1652.2103656116292,132.76722218878237,3905
518,male,0.8294421642256636,True,0.00015490738610862115,100.0,0.6693580896487727,150.58729994678257,4.790706972584469,3839
519,male,0.8556522641015906,True,0.00025783899106928483,54.87804878048781,0.3750233831266225,3960.236870665023,999.9999999999998,12805
520,male,0.8603356141175358,True,0.00010500331107611579,80.0,0.0015618564465321235,10000.00000000001,1.5159214277720634,2344
521,male,0.8232704281380195,True,0.00017524657849824477,87.5,3.77466987163015e-06,447.15400526374435,999.9999999999998,877
522,male,0.8990222547998123,True,0.00018324606634920022,86.36363636363636,1.0,534.0553693278983,20.122010124549586,5687
523,male,0.7968664113421601,True,0.0007059105038170787,100.0,7.379922930180839e-05,481.79270523755594,37.971287445810255,1275
525,male,0.9072861365660644,True,0.00016020325343162785,100.0,1.2570021252466884e-06,2191.805260467217,0.0010000000000000002,267
526,male,0.862315699542331,True,0.00021899047396664055,35.714285714285715,1.6727425060824372e-05,10000.00000000001,999.9999999999998,4662
528,female,0.8370610216968756,True,0.0002639499183392858,60.46511627906976,1.0,815.3953132495831,999.9999999999998,6349
529,male,0.9309025100517526,True,0.000208759453046326,91.30434782608695,2.3816876073554676e-06,315.22251505944314,999.9999999999998,7161
531,male,0.9354024283239264,True,9.200934291183052e-05,97.61904761904762,0.004847549371655082,335.5748751087812,24.392225035064836,5388
532,female,0.8538709928626992,True,0.00024188101346287374,100.0,0.5256501490378128,546.2852452128922,22.162869911621158,1650
533,male,0.9111836339695908,True,0.00015108788314086399,84.61538461538461,0.21519683259637756,10000.00000000001,999.9999999999998,1553
534,female,0.875186294399465,True,0.00012495772541227135,83.78378378378379,1.0,3858.9579604661926,0.5882989587874563,5418
535,male,0.881785470222212,True,0.0002896275474650586,63.63636363636363,1.0000000000000004e-06,388.1664606856526,999.9999999999998,4850
536,male,0.8762375611456991,True,0.000263171681485335,60.0,1.7598793799816816e-05,10000.00000000001,999.9999999999998,19470
537,female,0.8609820171681446,True,0.00012237559076135426,100.0,0.001220265052108713,195.64654080190778,75.66439217578088,1479
538,male,0.8356061875830963,True,0.0003123693556203351,46.808510638297875,0.2763289064724168,10000.00000000001,999.9999999999998,8121
539,female,0.7707971256865371,True,0.00026076477329035777,100.0,0.004142201457397986,100.00000000000004,11.787013452398542,1234
540,male,0.8419633791008956,True,0.0004163661611158021,85.36585365853658,1.0,377.1149377853429,61.14420963063474,6866
541,female,0.6589272446657346,True,0.0007983341533156197,100.0,6.221828161268927e-05,172.9437500964137,1.040466848537341,440
542,male,0.8966621411683914,True,0.00012030834506074853,89.74358974358975,0.18547857439886745,270.9217430966539,17.532852035209995,3940
543,female,0.8708190074285126,True,0.00021231477514201236,100.0,1.0,363.3518756412455,999.9999999999998,1199
